workload,variant,structure,n,time_ms,steps,moves,comparisons
W1,-,DynamicArray,100,0.495900,10000,0,0
W1,-,MyLinkedList,100,1.209300,511508,0,0
W2,-,DynamicArray,100,0.574000,75572,0,75572
W2,-,MyLinkedList,100,0.614200,75572,0,75572
W3,head,DynamicArray,100,3.500800,1202120,1200120,0
W3,head,MyLinkedList,100,0.172700,1000,3000,0
W3,middle,DynamicArray,100,0.163000,602620,600620,0
W3,middle,MyLinkedList,100,0.976100,598500,3000,0
W4,-,MinHeap,100,0.139300,3538,1777,1035
W1,-,DynamicArray,1000,0.425900,10000,0,0
W1,-,MyLinkedList,1000,6.437000,5015208,0,0
W2,-,DynamicArray,1000,0.277900,752172,0,752172
W2,-,MyLinkedList,1000,1.243800,752172,0,752172
W3,head,DynamicArray,1000,0.195600,3002280,3000280,0
W3,head,MyLinkedList,1000,0.046100,1000,3000,0
W3,middle,DynamicArray,1000,0.244700,1502780,1500780,0
W3,middle,MyLinkedList,1000,2.120400,1498500,3000,0
W4,-,MinHeap,1000,0.359500,55916,28061,17226
W1,-,DynamicArray,10000,0.209600,10000,0,0
W1,-,MyLinkedList,10000,68.010600,50139208,0,0
W2,-,DynamicArray,10000,2.503800,7399384,0,7399384
W2,-,MyLinkedList,10000,12.042200,7399384,0,7399384
W3,head,DynamicArray,10000,0.826800,21011240,21009240,0
W3,head,MyLinkedList,10000,0.045100,1000,3000,0
W3,middle,DynamicArray,10000,0.497500,10511740,10509740,0
W3,middle,MyLinkedList,10000,15.249500,10498500,3000,0
W4,-,MinHeap,10000,1.605400,757984,378874,239329
W1,-,DynamicArray,100000,0.094000,10000,0,0
W1,-,MyLinkedList,100000,1053.476200,502499208,0,0
W2,-,DynamicArray,100000,25.540800,73728608,0,73728608
W2,-,MyLinkedList,100000,193.132900,73728608,0,73728608
W3,head,DynamicArray,100000,13.130000,201001000,200999000,0
W3,head,MyLinkedList,100000,0.027300,1000,3000,0
W3,middle,DynamicArray,100000,6.886600,100501500,100499500,0
W3,middle,MyLinkedList,100000,151.729000,100498500,3000,0
W4,-,MinHeap,100000,11.667400,9638440,4848370,3059125
